,spr/num,sfr/num,cost,true_angle,est_angle,est_deviation,file
0,6.676296234746346,2.9283432823141062,16.26452306329989,0.0,-45.0,-45.0,/home/kwatchar3/data/timit/timit/train/dr1/fcjf0/sa1.wav
1,7.978191897503329,2.928343282008447,16.264523063299887,0.0,-30.0,-30.0,/home/kwatchar3/data/timit/timit/train/dr1/fcjf0/sa1.wav
2,9.01377014143899,2.928343282284373,16.264523063299894,0.0,-15.0,-15.0,/home/kwatchar3/data/timit/timit/train/dr1/fcjf0/sa1.wav
3,9.424670065424323,2.9283432822942097,16.2645230632999,0.0,0.0,0.0,/home/kwatchar3/data/timit/timit/train/dr1/fcjf0/sa1.wav
4,9.013770141438995,2.928343282284379,16.264523063299897,0.0,15.0,15.0,/home/kwatchar3/data/timit/timit/train/dr1/fcjf0/sa1.wav
5,7.978191897503329,2.9283432820084467,16.26452306329989,0.0,30.0,30.0,/home/kwatchar3/data/timit/timit/train/dr1/fcjf0/sa1.wav
6,6.676296234746345,2.9283432823141062,16.26452306329989,0.0,45.0,45.0,/home/kwatchar3/data/timit/timit/train/dr1/fcjf0/sa1.wav
7,7.36493954554769,4.356331532907507,22.49937331289563,0.0,-45.0,-45.0,/home/kwatchar3/data/timit/timit/train/dr1/fcjf0/sa2.wav
8,9.13893539701519,4.356331555922558,22.499373312895635,0.0,-30.0,-30.0,/home/kwatchar3/data/timit/timit/train/dr1/fcjf0/sa2.wav
9,10.726656671453895,4.356331532370899,22.499373312895635,0.0,-15.0,-15.0,/home/kwatchar3/data/timit/timit/train/dr1/fcjf0/sa2.wav
10,11.42207467697687,4.3563314845135075,22.499373312895653,0.0,0.0,0.0,/home/kwatchar3/data/timit/timit/train/dr1/fcjf0/sa2.wav
11,10.726656671453894,4.3563315323709,22.499373312895642,0.0,15.0,15.0,/home/kwatchar3/data/timit/timit/train/dr1/fcjf0/sa2.wav
12,9.13893538418378,4.356331532555599,22.49937331289564,0.0,30.0,30.0,/home/kwatchar3/data/timit/timit/train/dr1/fcjf0/sa2.wav
13,7.364939545547689,4.356331532907508,22.499373312895635,0.0,45.0,45.0,/home/kwatchar3/data/timit/timit/train/dr1/fcjf0/sa2.wav
14,6.741898889510364,3.12552865735365,17.88548649981339,0.0,-45.0,-45.0,/home/kwatchar3/data/timit/timit/train/dr1/fcjf0/si1027.wav
15,8.081566143264535,3.1255286573407877,17.885486499813393,0.0,-30.0,-30.0,/home/kwatchar3/data/timit/timit/train/dr1/fcjf0/si1027.wav
16,9.156764768056036,3.1255286568384664,17.885486499813393,0.0,-15.0,-15.0,/home/kwatchar3/data/timit/timit/train/dr1/fcjf0/si1027.wav
17,9.586321801089312,3.125528657501151,17.885486499813403,0.0,0.0,0.0,/home/kwatchar3/data/timit/timit/train/dr1/fcjf0/si1027.wav
18,9.156764768056032,3.1255286568384646,17.885486499813393,0.0,15.0,15.0,/home/kwatchar3/data/timit/timit/train/dr1/fcjf0/si1027.wav
19,8.081566143264535,3.1255286573407877,17.885486499813393,0.0,30.0,30.0,/home/kwatchar3/data/timit/timit/train/dr1/fcjf0/si1027.wav
20,6.74189888951036,3.1255286573536525,17.885486499813393,0.0,45.0,45.0,/home/kwatchar3/data/timit/timit/train/dr1/fcjf0/si1027.wav
21,8.014320492828821,6.48634848631827,12.385138376013012,0.0,-45.0,-45.0,/home/kwatchar3/data/timit/timit/train/dr1/fcjf0/si1657.wav
22,10.491373750351801,6.486348494241486,12.38513837601301,0.0,-30.0,-30.0,/home/kwatchar3/data/timit/timit/train/dr1/fcjf0/si1657.wav
23,13.221424170348863,6.486348485985884,12.385138376013016,0.0,-15.0,-15.0,/home/kwatchar3/data/timit/timit/train/dr1/fcjf0/si1657.wav
24,14.729350780660695,6.486348476352215,12.385138376013016,0.0,0.0,0.0,/home/kwatchar3/data/timit/timit/train/dr1/fcjf0/si1657.wav
25,13.221424170348872,6.486348485985838,12.385138376013016,0.0,15.0,15.0,/home/kwatchar3/data/timit/timit/train/dr1/fcjf0/si1657.wav
26,10.491373747663534,6.486348490317033,12.385138376013009,0.0,30.0,30.0,/home/kwatchar3/data/timit/timit/train/dr1/fcjf0/si1657.wav
27,8.014320492828821,6.486348486318269,12.385138376013012,0.0,45.0,45.0,/home/kwatchar3/data/timit/timit/train/dr1/fcjf0/si1657.wav
28,5.825779130586183,1.4879716580134947,29.639191582724767,0.0,-45.0,-45.0,/home/kwatchar3/data/timit/timit/train/dr1/fcjf0/si648.wav
29,6.730524354175821,1.487971658012315,29.639191582724763,0.0,-30.0,-30.0,/home/kwatchar3/data/timit/timit/train/dr1/fcjf0/si648.wav
30,7.388432651456835,1.487971658010445,29.639191582724767,0.0,-15.0,-15.0,/home/kwatchar3/data/timit/timit/train/dr1/fcjf0/si648.wav
31,7.633354377627777,1.487971657988686,29.63919158272478,0.0,0.0,0.0,/home/kwatchar3/data/timit/timit/train/dr1/fcjf0/si648.wav
32,7.388432651456832,1.4879716580104403,29.63919158272477,0.0,15.0,15.0,/home/kwatchar3/data/timit/timit/train/dr1/fcjf0/si648.wav
33,6.730524354175762,1.4879716580122841,29.639191582724767,0.0,30.0,30.0,/home/kwatchar3/data/timit/timit/train/dr1/fcjf0/si648.wav
34,5.825779130586083,1.4879716580105429,29.639191582724763,0.0,45.0,45.0,/home/kwatchar3/data/timit/timit/train/dr1/fcjf0/si648.wav
35,6.897177697830223,3.3418853446271046,10.74945211474476,0.0,-45.0,-45.0,/home/kwatchar3/data/timit/timit/train/dr1/fcjf0/sx127.wav
36,8.33147325684468,3.3418853448302217,10.74945211474476,0.0,-30.0,-30.0,/home/kwatchar3/data/timit/timit/train/dr1/fcjf0/sx127.wav
37,9.509118217302834,3.3418853444913807,10.749452114744763,0.0,-15.0,-15.0,/home/kwatchar3/data/timit/timit/train/dr1/fcjf0/sx127.wav
38,9.988099010583515,3.3418853320387543,10.749452114744766,0.0,0.0,0.0,/home/kwatchar3/data/timit/timit/train/dr1/fcjf0/sx127.wav
39,9.509118217302827,3.3418853444913803,10.749452114744763,0.0,15.0,15.0,/home/kwatchar3/data/timit/timit/train/dr1/fcjf0/sx127.wav
40,8.33147325684468,3.3418853448302293,10.749452114744761,0.0,30.0,30.0,/home/kwatchar3/data/timit/timit/train/dr1/fcjf0/sx127.wav
41,6.8971776978302195,3.3418853446270926,10.749452114744761,0.0,45.0,45.0,/home/kwatchar3/data/timit/timit/train/dr1/fcjf0/sx127.wav
42,8.221242354880207,7.877549807140648,8.98246380525894,0.0,-45.0,-45.0,/home/kwatchar3/data/timit/timit/train/dr1/fcjf0/sx217.wav
43,11.059218664065185,7.87754980713032,8.982463805258938,0.0,-30.0,-30.0,/home/kwatchar3/data/timit/timit/train/dr1/fcjf0/sx217.wav
44,14.62178743904847,7.8775498071952015,8.982463805258941,0.0,-15.0,-15.0,/home/kwatchar3/data/timit/timit/train/dr1/fcjf0/sx217.wav
45,17.033928862466784,7.877549807124542,8.982463805258941,0.0,0.0,0.0,/home/kwatchar3/data/timit/timit/train/dr1/fcjf0/sx217.wav
46,14.62178743904847,7.8775498071952015,8.982463805258941,0.0,15.0,15.0,/home/kwatchar3/data/timit/timit/train/dr1/fcjf0/sx217.wav
47,11.059218664065183,7.877549807130321,8.982463805258938,0.0,30.0,30.0,/home/kwatchar3/data/timit/timit/train/dr1/fcjf0/sx217.wav
48,8.221242354880205,7.877549807140647,8.98246380525894,0.0,45.0,45.0,/home/kwatchar3/data/timit/timit/train/dr1/fcjf0/sx217.wav
49,5.337197028571459,0.7252109529169108,20.83650124576221,0.0,-45.0,-45.0,/home/kwatchar3/data/timit/timit/train/dr1/fcjf0/sx307.wav
50,6.071946530890157,0.725210952893175,20.83650124576221,0.0,-30.0,-30.0,/home/kwatchar3/data/timit/timit/train/dr1/fcjf0/sx307.wav
51,6.587222917617525,0.7252109537868979,20.83650124576222,0.0,-15.0,-15.0,/home/kwatchar3/data/timit/timit/train/dr1/fcjf0/sx307.wav
52,6.774617723107309,0.725210928996262,20.836501245762225,0.0,0.0,0.0,/home/kwatchar3/data/timit/timit/train/dr1/fcjf0/sx307.wav
53,6.5872229204938595,0.7252109565152685,20.836501245762218,0.0,15.0,15.0,/home/kwatchar3/data/timit/timit/train/dr1/fcjf0/sx307.wav
54,6.071946530890159,0.7252109528931784,20.83650124576221,0.0,30.0,30.0,/home/kwatchar3/data/timit/timit/train/dr1/fcjf0/sx307.wav
55,5.3371970294931685,0.725210953786995,20.83650124576221,0.0,45.0,45.0,/home/kwatchar3/data/timit/timit/train/dr1/fcjf0/sx307.wav
56,3.983191872719605,-1.3838306304781465,18.6620114489754,0.0,-45.0,-45.0,/home/kwatchar3/data/timit/timit/train/dr1/fcjf0/sx37.wav
57,4.385713688817876,-1.3838306321592075,18.6620114489754,0.0,-30.0,-30.0,/home/kwatchar3/data/timit/timit/train/dr1/fcjf0/sx37.wav
58,4.649548714361435,-1.3838306322883618,18.662011448975402,0.0,-15.0,-15.0,/home/kwatchar3/data/timit/timit/train/dr1/fcjf0/sx37.wav
59,4.741711110108166,-1.3838306322796994,18.662011448975413,0.0,0.0,0.0,/home/kwatchar3/data/timit/timit/train/dr1/fcjf0/sx37.wav
60,4.649548714361437,-1.3838306322883598,18.662011448975402,0.0,15.0,15.0,/home/kwatchar3/data/timit/timit/train/dr1/fcjf0/sx37.wav
61,4.385713688817874,-1.38383063215921,18.662011448975402,0.0,30.0,30.0,/home/kwatchar3/data/timit/timit/train/dr1/fcjf0/sx37.wav
62,3.9831918727196047,-1.3838306304781465,18.6620114489754,0.0,45.0,45.0,/home/kwatchar3/data/timit/timit/train/dr1/fcjf0/sx37.wav
63,2.9288783413713313,-3.245855546534396,28.16853119310832,0.0,-45.0,-45.0,/home/kwatchar3/data/timit/timit/train/dr1/fcjf0/sx397.wav
64,3.1655897417708925,-3.245855546924183,28.168531193108315,0.0,-30.0,-30.0,/home/kwatchar3/data/timit/timit/train/dr1/fcjf0/sx397.wav
65,3.3158120651451095,-3.245855565279594,28.168531193108326,0.0,-15.0,-15.0,/home/kwatchar3/data/timit/timit/train/dr1/fcjf0/sx397.wav
66,3.3673592485031403,-3.2458555465360206,28.168531193108333,0.0,0.0,0.0,/home/kwatchar3/data/timit/timit/train/dr1/fcjf0/sx397.wav
67,3.3158120728273732,-3.245855546451088,28.168531193108326,0.0,15.0,15.0,/home/kwatchar3/data/timit/timit/train/dr1/fcjf0/sx397.wav
68,3.1655897440337184,-3.245855537779849,28.168531193108326,0.0,30.0,30.0,/home/kwatchar3/data/timit/timit/train/dr1/fcjf0/sx397.wav
69,2.9288783414541673,-3.24585554625356,28.168531193108322,0.0,45.0,45.0,/home/kwatchar3/data/timit/timit/train/dr1/fcjf0/sx397.wav
70,7.475405549886905,4.636420951501155,9.946557744112338,0.0,-45.0,-45.0,/home/kwatchar3/data/timit/timit/train/dr1/fdaw0/sa1.wav
71,9.34491049679872,4.636420951631003,9.946557744112337,0.0,-30.0,-30.0,/home/kwatchar3/data/timit/timit/train/dr1/fdaw0/sa1.wav
72,11.061626224830052,4.636420951196965,9.94655774411234,0.0,-15.0,-15.0,/home/kwatchar3/data/timit/timit/train/dr1/fdaw0/sa1.wav
73,11.831939349293329,4.636420948921667,9.94655774411234,0.0,0.0,0.0,/home/kwatchar3/data/timit/timit/train/dr1/fdaw0/sa1.wav
74,11.061626224830048,4.636420951196964,9.94655774411234,0.0,15.0,15.0,/home/kwatchar3/data/timit/timit/train/dr1/fdaw0/sa1.wav
75,9.344910496798743,4.636420951631031,9.946557744112337,0.0,30.0,30.0,/home/kwatchar3/data/timit/timit/train/dr1/fdaw0/sa1.wav
76,7.475405549886904,4.636420951501155,9.946557744112337,0.0,45.0,45.0,/home/kwatchar3/data/timit/timit/train/dr1/fdaw0/sa1.wav
77,7.5710006755020345,4.890333507939779,16.79145682246464,0.0,-45.0,-45.0,/home/kwatchar3/data/timit/timit/train/dr1/fdaw0/sa2.wav
78,9.52924466175702,4.890333507444774,16.79145682246464,0.0,-30.0,-30.0,/home/kwatchar3/data/timit/timit/train/dr1/fdaw0/sa2.wav
79,11.372028718969638,4.890333507478383,16.791456822464642,0.0,-15.0,-15.0,/home/kwatchar3/data/timit/timit/train/dr1/fdaw0/sa2.wav
80,12.219046076813756,4.890333471398524,16.791456822464653,0.0,0.0,0.0,/home/kwatchar3/data/timit/timit/train/dr1/fdaw0/sa2.wav
81,11.372028718969638,4.890333507478384,16.791456822464642,0.0,15.0,15.0,/home/kwatchar3/data/timit/timit/train/dr1/fdaw0/sa2.wav
82,9.529244661757021,4.890333507444776,16.79145682246464,0.0,30.0,30.0,/home/kwatchar3/data/timit/timit/train/dr1/fdaw0/sa2.wav
83,7.5710006755038535,4.890333507710465,16.791456822464642,0.0,45.0,45.0,/home/kwatchar3/data/timit/timit/train/dr1/fdaw0/sa2.wav
84,3.93289232145389,-1.4708420459356737,39.97084810283992,0.0,-45.0,-45.0,/home/kwatchar3/data/timit/timit/train/dr1/fdaw0/si1271.wav
85,4.32600393547823,-1.470842046125398,39.970848102839916,0.0,-30.0,-30.0,/home/kwatchar3/data/timit/timit/train/dr1/fdaw0/si1271.wav
86,4.58319283711526,-1.4708420462456882,39.97084810283992,0.0,-15.0,-15.0,/home/kwatchar3/data/timit/timit/train/dr1/fdaw0/si1271.wav
87,4.672939338801399,-1.4708420460632607,39.97084810283993,0.0,0.0,0.0,/home/kwatchar3/data/timit/timit/train/dr1/fdaw0/si1271.wav
88,4.583192837047776,-1.4708420463365681,39.97084810283993,0.0,15.0,15.0,/home/kwatchar3/data/timit/timit/train/dr1/fdaw0/si1271.wav
89,4.326003935536388,-1.4708420460710303,39.97084810283992,0.0,30.0,30.0,/home/kwatchar3/data/timit/timit/train/dr1/fdaw0/si1271.wav
90,3.9328923214538882,-1.4708420459356741,39.97084810283992,0.0,45.0,45.0,/home/kwatchar3/data/timit/timit/train/dr1/fdaw0/si1271.wav
91,5.975621471962143,1.7303224168299383,23.765606205977104,0.0,-45.0,-45.0,/home/kwatchar3/data/timit/timit/train/dr1/fdaw0/si1406.wav
92,6.939828580892774,1.730322415205675,23.765606205977097,0.0,-30.0,-30.0,/home/kwatchar3/data/timit/timit/train/dr1/fdaw0/si1406.wav
93,7.6501251223240585,1.7303224186132302,23.76560620597711,0.0,-15.0,-15.0,/home/kwatchar3/data/timit/timit/train/dr1/fdaw0/si1406.wav
94,7.916853629458988,1.7303224186009667,23.765606205977118,0.0,0.0,0.0,/home/kwatchar3/data/timit/timit/train/dr1/fdaw0/si1406.wav
95,7.650125122324062,1.7303224186132329,23.76560620597711,0.0,15.0,15.0,/home/kwatchar3/data/timit/timit/train/dr1/fdaw0/si1406.wav
96,6.939828580892775,1.7303224152056762,23.765606205977104,0.0,30.0,30.0,/home/kwatchar3/data/timit/timit/train/dr1/fdaw0/si1406.wav
97,5.975621472036464,1.730322416923301,23.765606205977104,0.0,45.0,45.0,/home/kwatchar3/data/timit/timit/train/dr1/fdaw0/si1406.wav
98,8.076623792348995,6.810554337344003,15.479218241445713,0.0,-45.0,-45.0,/home/kwatchar3/data/timit/timit/train/dr1/fdaw0/si2036.wav
99,10.648804705756959,6.810554340713923,15.479218241445707,0.0,-30.0,-30.0,/home/kwatchar3/data/timit/timit/train/dr1/fdaw0/si2036.wav
100,13.576909232338604,6.810554337921738,15.479218241445714,0.0,-15.0,-15.0,/home/kwatchar3/data/timit/timit/train/dr1/fdaw0/si2036.wav
101,15.268937417211442,6.8105543511439794,15.47921824144572,0.0,0.0,0.0,/home/kwatchar3/data/timit/timit/train/dr1/fdaw0/si2036.wav
102,13.576909232338599,6.810554337921738,15.479218241445713,0.0,15.0,15.0,/home/kwatchar3/data/timit/timit/train/dr1/fdaw0/si2036.wav
103,10.648804705083617,6.810554339859559,15.47921824144571,0.0,30.0,30.0,/home/kwatchar3/data/timit/timit/train/dr1/fdaw0/si2036.wav
104,8.076623790696775,6.810554349197064,15.479218241445713,0.0,45.0,45.0,/home/kwatchar3/data/timit/timit/train/dr1/fdaw0/si2036.wav
105,7.635314670451833,5.143911765077139,13.699231111889173,0.0,-45.0,-45.0,/home/kwatchar3/data/timit/timit/train/dr1/fdaw0/sx146.wav
106,9.656895570026663,5.143911765075389,13.699231111889175,0.0,-30.0,-30.0,/home/kwatchar3/data/timit/timit/train/dr1/fdaw0/sx146.wav
107,11.593598834084489,5.143911764961726,13.699231111889176,0.0,-15.0,-15.0,/home/kwatchar3/data/timit/timit/train/dr1/fdaw0/sx146.wav
108,12.500151691430064,5.143911765874531,13.69923111188918,0.0,0.0,0.0,/home/kwatchar3/data/timit/timit/train/dr1/fdaw0/sx146.wav
109,11.593598834084487,5.143911764961726,13.699231111889176,0.0,15.0,15.0,/home/kwatchar3/data/timit/timit/train/dr1/fdaw0/sx146.wav
110,9.65689556792152,5.143911764274578,13.699231111889175,0.0,30.0,30.0,/home/kwatchar3/data/timit/timit/train/dr1/fdaw0/sx146.wav
111,7.635314670451833,5.14391176507714,13.699231111889175,0.0,45.0,45.0,/home/kwatchar3/data/timit/timit/train/dr1/fdaw0/sx146.wav
112,4.182400052267044,-1.062001867352706,20.50131085091308,0.0,-45.0,-45.0,/home/kwatchar3/data/timit/timit/train/dr1/fdaw0/sx236.wav
113,4.623923348318694,-1.0620018676164513,20.501310850913082,0.0,-30.0,-30.0,/home/kwatchar3/data/timit/timit/train/dr1/fdaw0/sx236.wav
114,4.9155679591536785,-1.0620018685761512,20.50131085091308,0.0,-15.0,-15.0,/home/kwatchar3/data/timit/timit/train/dr1/fdaw0/sx236.wav
115,5.017894164769775,-1.062001868016888,20.501310850913086,0.0,0.0,0.0,/home/kwatchar3/data/timit/timit/train/dr1/fdaw0/sx236.wav
116,4.915567962257891,-1.0620018675074512,20.501310850913086,0.0,15.0,15.0,/home/kwatchar3/data/timit/timit/train/dr1/fdaw0/sx236.wav
117,4.623923348318696,-1.0620018676164518,20.50131085091308,0.0,30.0,30.0,/home/kwatchar3/data/timit/timit/train/dr1/fdaw0/sx236.wav
118,4.182400052267054,-1.0620018673526963,20.501310850913075,0.0,45.0,45.0,/home/kwatchar3/data/timit/timit/train/dr1/fdaw0/sx236.wav
119,6.573730168142581,2.7534718395557833,19.25992133886431,0.0,-45.0,-45.0,/home/kwatchar3/data/timit/timit/train/dr1/fdaw0/sx326.wav
120,7.818988434031775,2.753471839668534,19.259921338864313,0.0,-30.0,-30.0,/home/kwatchar3/data/timit/timit/train/dr1/fdaw0/sx326.wav
121,8.796456837545833,2.7534718395871973,19.259921338864313,0.0,-15.0,-15.0,/home/kwatchar3/data/timit/timit/train/dr1/fdaw0/sx326.wav
122,9.18044069770967,2.753471839618065,19.25992133886432,0.0,0.0,0.0,/home/kwatchar3/data/timit/timit/train/dr1/fdaw0/sx326.wav
123,8.796456837545831,2.7534718395871973,19.259921338864313,0.0,15.0,15.0,/home/kwatchar3/data/timit/timit/train/dr1/fdaw0/sx326.wav
124,7.818988434031775,2.7534718396685327,19.259921338864313,0.0,30.0,30.0,/home/kwatchar3/data/timit/timit/train/dr1/fdaw0/sx326.wav
125,6.573730168142581,2.753471839555738,19.259921338864316,0.0,45.0,45.0,/home/kwatchar3/data/timit/timit/train/dr1/fdaw0/sx326.wav
126,8.247385814538312,8.132575061536054,8.790778389377895,0.0,-45.0,-45.0,/home/kwatchar3/data/timit/timit/train/dr1/fdaw0/sx416.wav
127,11.14475905383842,8.132575062084362,8.790778389377895,0.0,-30.0,-30.0,/home/kwatchar3/data/timit/timit/train/dr1/fdaw0/sx416.wav
128,14.868754237595125,8.132575061807582,8.790778389377898,0.0,-15.0,-15.0,/home/kwatchar3/data/timit/timit/train/dr1/fdaw0/sx416.wav
129,17.50479436061304,8.132575062004125,8.7907783893779,0.0,0.0,0.0,/home/kwatchar3/data/timit/timit/train/dr1/fdaw0/sx416.wav
130,14.868754242112612,8.132575061143223,8.790778389377898,0.0,15.0,15.0,/home/kwatchar3/data/timit/timit/train/dr1/fdaw0/sx416.wav
131,11.144759053838422,8.132575062084362,8.790778389377898,0.0,30.0,30.0,/home/kwatchar3/data/timit/timit/train/dr1/fdaw0/sx416.wav
132,8.24738581453831,8.132575061536052,8.790778389377897,0.0,45.0,45.0,/home/kwatchar3/data/timit/timit/train/dr1/fdaw0/sx416.wav
133,6.445673382026285,2.5092858303018835,11.269817062042142,0.0,-45.0,-45.0,/home/kwatchar3/data/timit/timit/train/dr1/fdaw0/sx56.wav
134,7.6240627995220756,2.509285837372961,11.269817062042144,0.0,-30.0,-30.0,/home/kwatchar3/data/timit/timit/train/dr1/fdaw0/sx56.wav
135,8.534857291053216,2.509285837180115,11.269817062042145,0.0,-15.0,-15.0,/home/kwatchar3/data/timit/timit/train/dr1/fdaw0/sx56.wav
136,8.888598361882131,2.5092858246404615,11.26981706204215,0.0,0.0,0.0,/home/kwatchar3/data/timit/timit/train/dr1/fdaw0/sx56.wav
137,8.534857291053216,2.509285837180117,11.269817062042145,0.0,15.0,15.0,/home/kwatchar3/data/timit/timit/train/dr1/fdaw0/sx56.wav
138,7.624062799522081,2.509285837372967,11.269817062042147,0.0,30.0,30.0,/home/kwatchar3/data/timit/timit/train/dr1/fdaw0/sx56.wav
139,6.445673383696256,2.509285837361117,11.269817062042145,0.0,45.0,45.0,/home/kwatchar3/data/timit/timit/train/dr1/fdaw0/sx56.wav
140,7.895148117725201,5.959035178162885,15.968247827112567,0.0,-45.0,-45.0,/home/kwatchar3/data/timit/timit/train/dr1/fdml0/sa1.wav
141,10.209992600099621,5.959035178085042,15.968247827112565,0.0,-30.0,-30.0,/home/kwatchar3/data/timit/timit/train/dr1/fdml0/sa1.wav
142,12.630812220208778,5.959035178143633,15.968247827112569,0.0,-15.0,-15.0,/home/kwatchar3/data/timit/timit/train/dr1/fdml0/sa1.wav
143,13.881032921654766,5.959035177878912,15.968247827112576,0.0,0.0,0.0,/home/kwatchar3/data/timit/timit/train/dr1/fdml0/sa1.wav
144,12.630812247473964,5.9590351978361245,15.968247827112572,0.0,15.0,15.0,/home/kwatchar3/data/timit/timit/train/dr1/fdml0/sa1.wav
145,10.209992600914877,5.959035179307069,15.968247827112567,0.0,30.0,30.0,/home/kwatchar3/data/timit/timit/train/dr1/fdml0/sa1.wav
146,7.895148117712221,5.959035177280648,15.968247827112567,0.0,45.0,45.0,/home/kwatchar3/data/timit/timit/train/dr1/fdml0/sa1.wav
147,8.063582339856652,6.740509900102127,20.49504522661019,0.0,-45.0,-45.0,/home/kwatchar3/data/timit/timit/train/dr1/fdml0/sa2.wav
148,10.615134701182631,6.7405099002393065,20.49504522661019,0.0,-30.0,-30.0,/home/kwatchar3/data/timit/timit/train/dr1/fdml0/sa2.wav
149,13.499143544565966,6.740509899994137,20.495045226610195,0.0,-15.0,-15.0,/home/kwatchar3/data/timit/timit/train/dr1/fdml0/sa2.wav
150,15.148763652552093,6.7405098837725275,20.495045226610205,0.0,0.0,0.0,/home/kwatchar3/data/timit/timit/train/dr1/fdml0/sa2.wav
151,13.49914354456595,6.740509899993907,20.495045226610195,0.0,15.0,15.0,/home/kwatchar3/data/timit/timit/train/dr1/fdml0/sa2.wav
152,10.615134701182631,6.740509900239305,20.495045226610195,0.0,30.0,30.0,/home/kwatchar3/data/timit/timit/train/dr1/fdml0/sa2.wav
153,8.063582339856652,6.740509900102127,20.495045226610195,0.0,45.0,45.0,/home/kwatchar3/data/timit/timit/train/dr1/fdml0/sa2.wav
154,7.67255475993753,5.18831101340361,14.278481765690668,0.0,-45.0,-45.0,/home/kwatchar3/data/timit/timit/train/dr1/fdml0/si1149.wav
155,9.732222672824458,5.188310972877472,14.278481765690666,0.0,-30.0,-30.0,/home/kwatchar3/data/timit/timit/train/dr1/fdml0/si1149.wav
156,11.727076223732432,5.188310972517087,14.278481765690671,0.0,-15.0,-15.0,/home/kwatchar3/data/timit/timit/train/dr1/fdml0/si1149.wav
157,12.671564631808339,5.188310972443928,14.278481765690676,0.0,0.0,0.0,/home/kwatchar3/data/timit/timit/train/dr1/fdml0/si1149.wav
158,11.727076223732434,5.18831097251709,14.278481765690673,0.0,15.0,15.0,/home/kwatchar3/data/timit/timit/train/dr1/fdml0/si1149.wav
159,9.732222672824578,5.188310972877509,14.27848176569067,0.0,30.0,30.0,/home/kwatchar3/data/timit/timit/train/dr1/fdml0/si1149.wav
160,7.672554759866333,5.188310971136568,14.278481765690664,0.0,45.0,45.0,/home/kwatchar3/data/timit/timit/train/dr1/fdml0/si1149.wav
161,6.138554610170154,1.9932950879044138,31.051577482257446,0.0,-45.0,-45.0,/home/kwatchar3/data/timit/timit/train/dr1/fdml0/si1779.wav
162,7.171948464030219,1.9932950964038225,31.051577482257443,0.0,-30.0,-30.0,/home/kwatchar3/data/timit/timit/train/dr1/fdml0/si1779.wav
163,7.944935900714089,1.9932950829717893,31.051577482257457,0.0,-15.0,-15.0,/home/kwatchar3/data/timit/timit/train/dr1/fdml0/si1779.wav
164,8.238255290599529,1.9932949223000782,31.051577482257482,0.0,0.0,0.0,/home/kwatchar3/data/timit/timit/train/dr1/fdml0/si1779.wav
165,7.944935900653447,1.9932950861822063,31.05157748225746,0.0,15.0,15.0,/home/kwatchar3/data/timit/timit/train/dr1/fdml0/si1779.wav
166,7.171948463943856,1.993295095068606,31.05157748225745,0.0,30.0,30.0,/home/kwatchar3/data/timit/timit/train/dr1/fdml0/si1779.wav
167,6.138554609677255,1.9932950861081138,31.05157748225745,0.0,45.0,45.0,/home/kwatchar3/data/timit/timit/train/dr1/fdml0/si1779.wav
168,8.27676922708613,8.507871251843133,8.450321682811719,0.0,-45.0,-45.0,/home/kwatchar3/data/timit/timit/train/dr1/fdml0/si2075.wav
169,11.248908975173093,8.50787123404159,8.450321682811719,0.0,-30.0,-30.0,/home/kwatchar3/data/timit/timit/train/dr1/fdml0/si2075.wav
170,15.188407890636217,8.507871234484131,8.450321682811722,0.0,-15.0,-15.0,/home/kwatchar3/data/timit/timit/train/dr1/fdml0/si2075.wav
171,18.157240980786195,8.5078712201937,8.450321682811724,0.0,0.0,0.0,/home/kwatchar3/data/timit/timit/train/dr1/fdml0/si2075.wav
172,15.18840789018495,8.50787123420814,8.450321682811722,0.0,15.0,15.0,/home/kwatchar3/data/timit/timit/train/dr1/fdml0/si2075.wav
173,11.248908975173093,8.50787123404159,8.45032168281172,0.0,30.0,30.0,/home/kwatchar3/data/timit/timit/train/dr1/fdml0/si2075.wav
174,8.276769226751862,8.507871233865984,8.45032168281172,0.0,45.0,45.0,/home/kwatchar3/data/timit/timit/train/dr1/fdml0/si2075.wav
175,8.18860830861222,7.569320962335,5.147963643549216,0.0,-45.0,-45.0,/home/kwatchar3/data/timit/timit/train/dr1/fdml0/sx159.wav
176,10.95888775699632,7.569320962243101,5.1479636435492155,0.0,-30.0,-30.0,/home/kwatchar3/data/timit/timit/train/dr1/fdml0/sx159.wav
177,14.347023677056548,7.569320962327426,5.147963643549218,0.0,-15.0,-15.0,/home/kwatchar3/data/timit/timit/train/dr1/fdml0/sx159.wav
178,16.5380258763237,7.569320962354663,5.147963643549221,0.0,0.0,0.0,/home/kwatchar3/data/timit/timit/train/dr1/fdml0/sx159.wav
179,14.347023677056542,7.5693209623274305,5.147963643549218,0.0,15.0,15.0,/home/kwatchar3/data/timit/timit/train/dr1/fdml0/sx159.wav
180,10.95888775699632,7.569320962243104,5.147963643549217,0.0,30.0,30.0,/home/kwatchar3/data/timit/timit/train/dr1/fdml0/sx159.wav
181,8.188608308612217,7.569320962334999,5.147963643549216,0.0,45.0,45.0,/home/kwatchar3/data/timit/timit/train/dr1/fdml0/sx159.wav
182,5.295269468814384,0.6593619160394089,40.40070616395151,0.0,-45.0,-45.0,/home/kwatchar3/data/timit/timit/train/dr1/fdml0/sx249.wav
183,6.016938275129683,0.6593619151177106,40.40070616395151,0.0,-30.0,-30.0,/home/kwatchar3/data/timit/timit/train/dr1/fdml0/sx249.wav
184,6.521656509988288,0.6593619117812306,40.40070616395153,0.0,-15.0,-15.0,/home/kwatchar3/data/timit/timit/train/dr1/fdml0/sx249.wav
185,6.704897193369468,0.6593619117652871,40.40070616395154,0.0,0.0,0.0,/home/kwatchar3/data/timit/timit/train/dr1/fdml0/sx249.wav
186,6.521656509988323,0.6593619117812761,40.40070616395154,0.0,15.0,15.0,/home/kwatchar3/data/timit/timit/train/dr1/fdml0/sx249.wav
187,6.016938274956826,0.6593619234928978,40.400706163951526,0.0,30.0,30.0,/home/kwatchar3/data/timit/timit/train/dr1/fdml0/sx249.wav
188,5.295269464513522,0.6593619116882854,40.400706163951526,0.0,45.0,45.0,/home/kwatchar3/data/timit/timit/train/dr1/fdml0/sx249.wav
189,8.054479632265979,6.692977565723702,17.436162881708803,0.0,-45.0,-45.0,/home/kwatchar3/data/timit/timit/train/dr1/fdml0/sx339.wav
190,10.591871015978791,6.692977566313129,17.436162881708803,0.0,-30.0,-30.0,/home/kwatchar3/data/timit/timit/train/dr1/fdml0/sx339.wav
191,13.445985975883467,6.69297756621397,17.436162881708803,0.0,-15.0,-15.0,/home/kwatchar3/data/timit/timit/train/dr1/fdml0/sx339.wav
192,15.067331350565174,6.692977566197706,17.436162881708817,0.0,0.0,0.0,/home/kwatchar3/data/timit/timit/train/dr1/fdml0/sx339.wav
193,13.445985975823847,6.692977566303857,17.43616288170881,0.0,15.0,15.0,/home/kwatchar3/data/timit/timit/train/dr1/fdml0/sx339.wav
194,10.591871015978791,6.692977566313127,17.43616288170881,0.0,30.0,30.0,/home/kwatchar3/data/timit/timit/train/dr1/fdml0/sx339.wav
195,8.054479627681546,6.692977566293552,17.4361628817088,0.0,45.0,45.0,/home/kwatchar3/data/timit/timit/train/dr1/fdml0/sx339.wav
196,5.758326131258682,1.3885092897693578,20.18237284423044,0.0,-45.0,-45.0,/home/kwatchar3/data/timit/timit/train/dr1/fdml0/sx429.wav
197,6.6375139217351,1.3885092898569737,20.182372844230443,0.0,-30.0,-30.0,/home/kwatchar3/data/timit/timit/train/dr1/fdml0/sx429.wav
198,7.273314901788264,1.3885092896617262,20.18237284423045,0.0,-15.0,-15.0,/home/kwatchar3/data/timit/timit/train/dr1/fdml0/sx429.wav
199,7.50914546375771,1.3885093323347109,20.18237284423045,0.0,0.0,0.0,/home/kwatchar3/data/timit/timit/train/dr1/fdml0/sx429.wav
200,7.273314901788263,1.3885092896617262,20.18237284423045,0.0,15.0,15.0,/home/kwatchar3/data/timit/timit/train/dr1/fdml0/sx429.wav
201,6.637513921735101,1.388509289856973,20.182372844230446,0.0,30.0,30.0,/home/kwatchar3/data/timit/timit/train/dr1/fdml0/sx429.wav
202,5.75832613125868,1.3885092897693574,20.182372844230443,0.0,45.0,45.0,/home/kwatchar3/data/timit/timit/train/dr1/fdml0/sx429.wav
203,4.476420482741532,-0.6035732655670201,36.54661244003671,0.0,-45.0,-45.0,/home/kwatchar3/data/timit/timit/train/dr1/fdml0/sx69.wav
204,4.980961736390021,-0.6035732658524448,36.54661244003671,0.0,-30.0,-30.0,/home/kwatchar3/data/timit/timit/train/dr1/fdml0/sx69.wav
205,5.318458839528743,-0.6035732703768107,36.54661244003672,0.0,-15.0,-15.0,/home/kwatchar3/data/timit/timit/train/dr1/fdml0/sx69.wav
206,5.4377387645349415,-0.6035732630718869,36.54661244003672,0.0,0.0,0.0,/home/kwatchar3/data/timit/timit/train/dr1/fdml0/sx69.wav
207,5.318458843842704,-0.6035732655500246,36.54661244003672,0.0,15.0,15.0,/home/kwatchar3/data/timit/timit/train/dr1/fdml0/sx69.wav
208,4.980961736383083,-0.6035732655731756,36.54661244003672,0.0,30.0,30.0,/home/kwatchar3/data/timit/timit/train/dr1/fdml0/sx69.wav
209,4.476420482741531,-0.6035732655670251,36.54661244003672,0.0,45.0,45.0,/home/kwatchar3/data/timit/timit/train/dr1/fdml0/sx69.wav
210,8.043307389909394,6.634952166336411,20.019588742834053,0.0,-45.0,-45.0,/home/kwatchar3/data/timit/timit/train/dr1/fecd0/sa1.wav
211,10.563572555741043,6.63495216665217,20.019588742834042,0.0,-30.0,-30.0,/home/kwatchar3/data/timit/timit/train/dr1/fecd0/sa1.wav
212,13.381935225185451,6.634952166786579,20.01958874283406,0.0,-15.0,-15.0,/home/kwatchar3/data/timit/timit/train/dr1/fecd0/sa1.wav
213,14.969956452793692,6.634952166621195,20.01958874283407,0.0,0.0,0.0,/home/kwatchar3/data/timit/timit/train/dr1/fecd0/sa1.wav
214,13.381935225185448,6.6349521667865785,20.01958874283406,0.0,15.0,15.0,/home/kwatchar3/data/timit/timit/train/dr1/fecd0/sa1.wav
215,10.56357255577476,6.63495216634166,20.01958874283405,0.0,30.0,30.0,/home/kwatchar3/data/timit/timit/train/dr1/fecd0/sa1.wav
216,8.043307389909392,6.634952166336411,20.019588742834053,0.0,45.0,45.0,/home/kwatchar3/data/timit/timit/train/dr1/fecd0/sa1.wav
217,8.256324444901542,8.241372515134218,4.556189031689577,0.0,-45.0,-45.0,/home/kwatchar3/data/timit/timit/train/dr1/fecd0/sa2.wav
218,11.175384771731828,8.24137251532303,4.556189031689577,0.0,-30.0,-30.0,/home/kwatchar3/data/timit/timit/train/dr1/fecd0/sa2.wav
219,14.960419008105745,8.241372515324713,4.556189031689579,0.0,-15.0,-15.0,/home/kwatchar3/data/timit/timit/train/dr1/fecd0/sa2.wav
220,17.68651765119742,8.241372516044635,4.556189031689579,0.0,0.0,0.0,/home/kwatchar3/data/timit/timit/train/dr1/fecd0/sa2.wav
221,14.960419008105742,8.241372515324713,4.556189031689579,0.0,15.0,15.0,/home/kwatchar3/data/timit/timit/train/dr1/fecd0/sa2.wav
222,11.175384771731828,8.241372515323032,4.556189031689578,0.0,30.0,30.0,/home/kwatchar3/data/timit/timit/train/dr1/fecd0/sa2.wav
223,8.256324444901539,8.241372515134218,4.556189031689578,0.0,45.0,45.0,/home/kwatchar3/data/timit/timit/train/dr1/fecd0/sa2.wav
224,8.057241635632806,6.712338051047897,19.371669071250647,0.0,-45.0,-45.0,/home/kwatchar3/data/timit/timit/train/dr1/fecd0/si1418.wav
225,10.598909858134753,6.712338050864401,19.371669071250643,0.0,-30.0,-30.0,/home/kwatchar3/data/timit/timit/train/dr1/fecd0/si1418.wav
226,13.462021310051849,6.71233805145791,19.371669071250654,0.0,-15.0,-15.0,/home/kwatchar3/data/timit/timit/train/dr1/fecd0/si1418.wav
227,15.09183613690617,6.712338051010304,19.371669071250658,0.0,0.0,0.0,/home/kwatchar3/data/timit/timit/train/dr1/fecd0/si1418.wav
228,13.46202131012898,6.712338051497419,19.371669071250643,0.0,15.0,15.0,/home/kwatchar3/data/timit/timit/train/dr1/fecd0/si1418.wav
229,10.598909858119011,6.712338050911639,19.371669071250647,0.0,30.0,30.0,/home/kwatchar3/data/timit/timit/train/dr1/fecd0/si1418.wav
230,8.05724163016151,6.712338068988188,19.371669071250643,0.0,45.0,45.0,/home/kwatchar3/data/timit/timit/train/dr1/fecd0/si1418.wav
231,8.243248169885716,8.081970652010828,12.53368100531326,0.0,-45.0,-45.0,/home/kwatchar3/data/timit/timit/train/dr1/fecd0/si2048.wav
232,11.130844093640784,8.081970652021221,12.533681005313262,0.0,-30.0,-30.0,/home/kwatchar3/data/timit/timit/train/dr1/fecd0/si2048.wav
233,14.827696987966032,8.081970649393256,12.533681005313268,0.0,-15.0,-15.0,/home/kwatchar3/data/timit/timit/train/dr1/fecd0/si2048.wav
234,17.424679833324564,8.08197065201095,12.53368100531327,0.0,0.0,0.0,/home/kwatchar3/data/timit/timit/train/dr1/fecd0/si2048.wav
235,14.827696988146407,8.081970649511147,12.533681005313266,0.0,15.0,15.0,/home/kwatchar3/data/timit/timit/train/dr1/fecd0/si2048.wav
236,11.130844093640773,8.081970652021363,12.53368100531326,0.0,30.0,30.0,/home/kwatchar3/data/timit/timit/train/dr1/fecd0/si2048.wav
237,8.243248169903918,8.081970652060267,12.533681005313262,0.0,45.0,45.0,/home/kwatchar3/data/timit/timit/train/dr1/fecd0/si2048.wav
238,8.168321118386183,7.465834419235064,14.711307357687984,0.0,-45.0,-45.0,/home/kwatchar3/data/timit/timit/train/dr1/fecd0/si788.wav
239,10.89930237203109,7.465834419152189,14.711307357687982,0.0,-30.0,-30.0,/home/kwatchar3/data/timit/timit/train/dr1/fecd0/si788.wav
240,14.19049206935605,7.4658344194218085,14.711307357687982,0.0,-15.0,-15.0,/home/kwatchar3/data/timit/timit/train/dr1/fecd0/si788.wav
241,16.266883323708697,7.465834419266328,14.71130735768799,0.0,0.0,0.0,/home/kwatchar3/data/timit/timit/train/dr1/fecd0/si788.wav
242,14.190492069960914,7.465834418535337,14.711307357687982,0.0,15.0,15.0,/home/kwatchar3/data/timit/timit/train/dr1/fecd0/si788.wav
243,10.899302372031093,7.465834419152189,14.711307357687986,0.0,30.0,30.0,/home/kwatchar3/data/timit/timit/train/dr1/fecd0/si788.wav
244,8.16832111838618,7.465834419235062,14.711307357687986,0.0,45.0,45.0,/home/kwatchar3/data/timit/timit/train/dr1/fecd0/si788.wav
245,8.175700287547746,7.473277237547212,6.246045675970426,0.0,-45.0,-45.0,/home/kwatchar3/data/timit/timit/train/dr1/fecd0/sx158.wav
246,10.920759618719256,7.473277237734815,6.246045675970425,0.0,-30.0,-30.0,/home/kwatchar3/data/timit/timit/train/dr1/fecd0/sx158.wav
247,14.246330348053862,7.4732772368823985,6.246045675970429,0.0,-15.0,-15.0,/home/kwatchar3/data/timit/timit/train/dr1/fecd0/sx158.wav
248,16.362730709674835,7.473277234469357,6.2460456759704295,0.0,0.0,0.0,/home/kwatchar3/data/timit/timit/train/dr1/fecd0/sx158.wav
249,14.246330348053855,7.473277236882396,6.246045675970427,0.0,15.0,15.0,/home/kwatchar3/data/timit/timit/train/dr1/fecd0/sx158.wav
250,10.920759618719249,7.473277237734807,6.246045675970427,0.0,30.0,30.0,/home/kwatchar3/data/timit/timit/train/dr1/fecd0/sx158.wav
251,8.175700287547743,7.473277237547212,6.246045675970428,0.0,45.0,45.0,/home/kwatchar3/data/timit/timit/train/dr1/fecd0/sx158.wav
252,7.670277277328975,5.173967167904804,20.02074380054617,0.0,-45.0,-45.0,/home/kwatchar3/data/timit/timit/train/dr1/fecd0/sx248.wav
253,9.727581881421075,5.173967167904728,20.020743800546175,0.0,-30.0,-30.0,/home/kwatchar3/data/timit/timit/train/dr1/fecd0/sx248.wav
254,11.7187895041127,5.173967168624818,20.02074380054617,0.0,-15.0,-15.0,/home/kwatchar3/data/timit/timit/train/dr1/fecd0/sx248.wav
255,12.660874638326128,5.17396716810911,20.020743800546185,0.0,0.0,0.0,/home/kwatchar3/data/timit/timit/train/dr1/fecd0/sx248.wav
256,11.71878949346909,5.173967165021929,20.02074380054618,0.0,15.0,15.0,/home/kwatchar3/data/timit/timit/train/dr1/fecd0/sx248.wav
257,9.727581881421074,5.173967167904728,20.020743800546175,0.0,30.0,30.0,/home/kwatchar3/data/timit/timit/train/dr1/fecd0/sx248.wav
258,7.670277277330568,5.173967167906119,20.020743800546168,0.0,45.0,45.0,/home/kwatchar3/data/timit/timit/train/dr1/fecd0/sx248.wav
259,7.8866655841949695,5.927037619086692,11.484804350172698,0.0,-45.0,-45.0,/home/kwatchar3/data/timit/timit/train/dr1/fecd0/sx338.wav
260,10.19076795027569,5.927037633282199,11.484804350172695,0.0,-30.0,-30.0,/home/kwatchar3/data/timit/timit/train/dr1/fecd0/sx338.wav
261,12.592254951100843,5.9270376194310925,11.484804350172698,0.0,-15.0,-15.0,/home/kwatchar3/data/timit/timit/train/dr1/fecd0/sx338.wav
262,13.827442891153508,5.927037619076831,11.484804350172706,0.0,0.0,0.0,/home/kwatchar3/data/timit/timit/train/dr1/fecd0/sx338.wav
263,12.59225495110085,5.927037619431093,11.484804350172698,0.0,15.0,15.0,/home/kwatchar3/data/timit/timit/train/dr1/fecd0/sx338.wav
264,10.190767957508013,5.927037636664901,11.484804350172697,0.0,30.0,30.0,/home/kwatchar3/data/timit/timit/train/dr1/fecd0/sx338.wav
265,7.886665584194967,5.927037619086692,11.484804350172697,0.0,45.0,45.0,/home/kwatchar3/data/timit/timit/train/dr1/fecd0/sx338.wav
266,8.327192128550895,9.599664104692403,8.66348137895459,0.0,-45.0,-45.0,/home/kwatchar3/data/timit/timit/train/dr1/fecd0/sx428.wav
267,11.472021491145448,9.59966410477752,8.663481378954588,0.0,-30.0,-30.0,/home/kwatchar3/data/timit/timit/train/dr1/fecd0/sx428.wav
268,15.971163866396854,9.599664105076522,8.663481378954593,0.0,-15.0,-15.0,/home/kwatchar3/data/timit/timit/train/dr1/fecd0/sx428.wav
269,20.054040629543,9.599664104753533,8.663481378954591,0.0,0.0,0.0,/home/kwatchar3/data/timit/timit/train/dr1/fecd0/sx428.wav
270,15.97116386639685,9.599664105076522,8.663481378954593,0.0,15.0,15.0,/home/kwatchar3/data/timit/timit/train/dr1/fecd0/sx428.wav
271,11.472021491145446,9.599664104777524,8.66348137895459,0.0,30.0,30.0,/home/kwatchar3/data/timit/timit/train/dr1/fecd0/sx428.wav
272,8.327192128551692,9.599664104691428,8.663481378954588,0.0,45.0,45.0,/home/kwatchar3/data/timit/timit/train/dr1/fecd0/sx428.wav
273,8.303697578963918,8.965994261326722,6.410138229453237,0.0,-45.0,-45.0,/home/kwatchar3/data/timit/timit/train/dr1/fecd0/sx68.wav
274,11.356673186284507,8.965994261312623,6.4101382294532385,0.0,-30.0,-30.0,/home/kwatchar3/data/timit/timit/train/dr1/fecd0/sx68.wav
275,15.54644039834988,8.965994261241367,6.410138229453239,0.0,-15.0,-15.0,/home/kwatchar3/data/timit/timit/train/dr1/fecd0/sx68.wav
276,18.9612193872011,8.965994289964206,6.410138229453241,0.0,0.0,0.0,/home/kwatchar3/data/timit/timit/train/dr1/fecd0/sx68.wav
277,15.546440398349873,8.965994261241367,6.41013822945324,0.0,15.0,15.0,/home/kwatchar3/data/timit/timit/train/dr1/fecd0/sx68.wav
278,11.356673186284505,8.965994261312623,6.410138229453239,0.0,30.0,30.0,/home/kwatchar3/data/timit/timit/train/dr1/fecd0/sx68.wav
279,8.303697578963916,8.965994261326724,6.410138229453237,0.0,45.0,45.0,/home/kwatchar3/data/timit/timit/train/dr1/fecd0/sx68.wav
280,7.168696381384885,3.9145308100442398,21.749399202564142,0.0,-45.0,-45.0,/home/kwatchar3/data/timit/timit/train/dr1/fetb0/sa1.wav
281,8.788794238428876,3.914530810377025,21.749399202564142,0.0,-30.0,-30.0,/home/kwatchar3/data/timit/timit/train/dr1/fetb0/sa1.wav
282,10.181933130612467,3.9145308104072285,21.74939920256415,0.0,-15.0,-15.0,/home/kwatchar3/data/timit/timit/train/dr1/fetb0/sa1.wav
283,10.770753840795189,3.9145308102450804,21.749399202564145,0.0,0.0,0.0,/home/kwatchar3/data/timit/timit/train/dr1/fetb0/sa1.wav
284,10.181933130612471,3.9145308104072276,21.749399202564145,0.0,15.0,15.0,/home/kwatchar3/data/timit/timit/train/dr1/fetb0/sa1.wav
285,8.788794238428876,3.914530810377027,21.749399202564142,0.0,30.0,30.0,/home/kwatchar3/data/timit/timit/train/dr1/fetb0/sa1.wav
286,7.1686963813848905,3.9145308100442455,21.74939920256414,0.0,45.0,45.0,/home/kwatchar3/data/timit/timit/train/dr1/fetb0/sa1.wav
287,7.272168550385015,4.145369904911341,21.20193136192177,0.0,-45.0,-45.0,/home/kwatchar3/data/timit/timit/train/dr1/fetb0/sa2.wav
288,8.971089513354094,4.145369905228045,21.201931361921776,0.0,-30.0,-30.0,/home/kwatchar3/data/timit/timit/train/dr1/fetb0/sa2.wav
289,10.461937981714783,4.145369895143393,21.20193136192178,0.0,-15.0,-15.0,/home/kwatchar3/data/timit/timit/train/dr1/fetb0/sa2.wav
290,11.103362622569765,4.145369905153467,21.201931361921783,0.0,0.0,0.0,/home/kwatchar3/data/timit/timit/train/dr1/fetb0/sa2.wav
291,10.461937991334871,4.145369905206176,21.201931361921783,0.0,15.0,15.0,/home/kwatchar3/data/timit/timit/train/dr1/fetb0/sa2.wav
292,8.971089513354094,4.145369905228043,21.201931361921776,0.0,30.0,30.0,/home/kwatchar3/data/timit/timit/train/dr1/fetb0/sa2.wav
293,7.2721685523657005,4.145369905142376,21.201931361921776,0.0,45.0,45.0,/home/kwatchar3/data/timit/timit/train/dr1/fetb0/sa2.wav
294,6.796505426616247,3.1473551190157374,22.824795731963547,0.0,-45.0,-45.0,/home/kwatchar3/data/timit/timit/train/dr1/fetb0/si1148.wav
295,8.168585113347618,3.14735511902058,22.824795731963547,0.0,-30.0,-30.0,/home/kwatchar3/data/timit/timit/train/dr1/fetb0/si1148.wav
296,9.278352488310539,3.1473551190263334,22.824795731963558,0.0,-15.0,-15.0,/home/kwatchar3/data/timit/timit/train/dr1/fetb0/si1148.wav
297,9.724394012761326,3.1473551190217246,22.824795731963565,0.0,0.0,0.0,/home/kwatchar3/data/timit/timit/train/dr1/fetb0/si1148.wav
298,9.278352488310537,3.1473551190263334,22.82479573196356,0.0,15.0,15.0,/home/kwatchar3/data/timit/timit/train/dr1/fetb0/si1148.wav
299,8.168585112576544,3.1473551239732362,22.824795731963547,0.0,30.0,30.0,/home/kwatchar3/data/timit/timit/train/dr1/fetb0/si1148.wav
300,6.796505426616246,3.147355119015737,22.82479573196355,0.0,45.0,45.0,/home/kwatchar3/data/timit/timit/train/dr1/fetb0/si1148.wav
301,5.073566741850602,0.3423646959674064,28.80145597309256,0.0,-45.0,-45.0,/home/kwatchar3/data/timit/timit/train/dr1/fetb0/si1778.wav
302,5.729549512222406,0.3423646965867936,28.801455973092555,0.0,-30.0,-30.0,/home/kwatchar3/data/timit/timit/train/dr1/fetb0/si1778.wav
303,6.182105348082145,0.3423646817736724,28.801455973092562,0.0,-15.0,-15.0,/home/kwatchar3/data/timit/timit/train/dr1/fetb0/si1778.wav
304,6.345027423070363,0.34236469587939067,28.80145597309257,0.0,0.0,0.0,/home/kwatchar3/data/timit/timit/train/dr1/fetb0/si1778.wav
305,6.182105356148161,0.34236468931904684,28.80145597309256,0.0,15.0,15.0,/home/kwatchar3/data/timit/timit/train/dr1/fetb0/si1778.wav
306,5.72954951161387,0.3423646958657103,28.801455973092555,0.0,30.0,30.0,/home/kwatchar3/data/timit/timit/train/dr1/fetb0/si1778.wav
307,5.073566742014082,0.34236469615129395,28.801455973092555,0.0,45.0,45.0,/home/kwatchar3/data/timit/timit/train/dr1/fetb0/si1778.wav
308,6.705761223788812,2.9841960448782423,32.2275533936487,0.0,-45.0,-45.0,/home/kwatchar3/data/timit/timit/train/dr1/fetb0/si518.wav
309,8.02446728272585,2.9841960450895404,32.2275533936487,0.0,-30.0,-30.0,/home/kwatchar3/data/timit/timit/train/dr1/fetb0/si518.wav
310,9.077591626088351,2.98419606002929,32.227553393648705,0.0,-15.0,-15.0,/home/kwatchar3/data/timit/timit/train/dr1/fetb0/si518.wav
311,9.496723018722621,2.98419604485908,32.22755339364872,0.0,0.0,0.0,/home/kwatchar3/data/timit/timit/train/dr1/fetb0/si518.wav
312,9.077591587362694,2.984196044879031,32.22755339364871,0.0,15.0,15.0,/home/kwatchar3/data/timit/timit/train/dr1/fetb0/si518.wav
313,8.02446728272585,2.9841960450895426,32.227553393648705,0.0,30.0,30.0,/home/kwatchar3/data/timit/timit/train/dr1/fetb0/si518.wav
314,6.705761223788809,2.9841960448782423,32.2275533936487,0.0,45.0,45.0,/home/kwatchar3/data/timit/timit/train/dr1/fetb0/si518.wav
315,6.255896241189137,2.193379764158534,18.959953717418987,0.0,-45.0,-45.0,/home/kwatchar3/data/timit/timit/train/dr1/fetb0/sx158.wav
316,7.342304682226889,2.19337976447852,18.95995371741898,0.0,-30.0,-30.0,/home/kwatchar3/data/timit/timit/train/dr1/fetb0/sx158.wav
317,8.164642285881648,2.1933797628884877,18.959953717418987,0.0,-15.0,-15.0,/home/kwatchar3/data/timit/timit/train/dr1/fetb0/sx158.wav
318,8.479283414362392,2.1933797545359983,18.95995371741899,0.0,0.0,0.0,/home/kwatchar3/data/timit/timit/train/dr1/fetb0/sx158.wav
319,8.164642285881646,2.1933797628884877,18.959953717418987,0.0,15.0,15.0,/home/kwatchar3/data/timit/timit/train/dr1/fetb0/sx158.wav
320,7.342304682226889,2.19337976447852,18.959953717418983,0.0,30.0,30.0,/home/kwatchar3/data/timit/timit/train/dr1/fetb0/sx158.wav
321,6.255896241189135,2.193379764158535,18.95995371741899,0.0,45.0,45.0,/home/kwatchar3/data/timit/timit/train/dr1/fetb0/sx158.wav
322,4.979370004203828,0.17644544215536884,37.31294708478314,0.0,-45.0,-45.0,/home/kwatchar3/data/timit/timit/train/dr1/fetb0/sx248.wav
323,5.609116515474763,0.1764454410157618,37.31294708478313,0.0,-30.0,-30.0,/home/kwatchar3/data/timit/timit/train/dr1/fetb0/sx248.wav
324,6.041228711474544,0.1764454428537508,37.312947084783154,0.0,-15.0,-15.0,/home/kwatchar3/data/timit/timit/train/dr1/fetb0/sx248.wav
325,6.196279338815308,0.17644544240176266,37.31294708478316,0.0,0.0,0.0,/home/kwatchar3/data/timit/timit/train/dr1/fetb0/sx248.wav
326,6.0412287114745435,0.17644544285374802,37.312947084783154,0.0,15.0,15.0,/home/kwatchar3/data/timit/timit/train/dr1/fetb0/sx248.wav
327,5.609116514069412,0.17644543861804202,37.312947084783154,0.0,30.0,30.0,/home/kwatchar3/data/timit/timit/train/dr1/fetb0/sx248.wav
328,4.9793700042255775,0.1764454422178185,37.31294708478315,0.0,45.0,45.0,/home/kwatchar3/data/timit/timit/train/dr1/fetb0/sx248.wav
329,6.991487413500616,3.531710897666604,16.497099952321943,0.0,-45.0,-45.0,/home/kwatchar3/data/timit/timit/train/dr1/fetb0/sx338.wav
330,8.487168903170506,3.531710897490914,16.497099952321943,0.0,-30.0,-30.0,/home/kwatchar3/data/timit/timit/train/dr1/fetb0/sx338.wav
331,9.733824864688195,3.531710897427388,16.497099952321953,0.0,-15.0,-15.0,/home/kwatchar3/data/timit/timit/train/dr1/fetb0/sx338.wav
332,10.24709130216598,3.531710897485892,16.497099952321953,0.0,0.0,0.0,/home/kwatchar3/data/timit/timit/train/dr1/fetb0/sx338.wav
333,9.733824864688192,3.531710897427385,16.49709995232195,0.0,15.0,15.0,/home/kwatchar3/data/timit/timit/train/dr1/fetb0/sx338.wav
334,8.487168903170504,3.531710897490913,16.497099952321943,0.0,30.0,30.0,/home/kwatchar3/data/timit/timit/train/dr1/fetb0/sx338.wav
335,6.991487413500614,3.531710897666604,16.497099952321946,0.0,45.0,45.0,/home/kwatchar3/data/timit/timit/train/dr1/fetb0/sx338.wav
336,7.37407184070959,4.386645677013769,18.76694707061234,0.0,-45.0,-45.0,/home/kwatchar3/data/timit/timit/train/dr1/fetb0/sx428.wav
337,9.155701174983072,4.386645676616694,18.766947070612332,0.0,-30.0,-30.0,/home/kwatchar3/data/timit/timit/train/dr1/fetb0/sx428.wav
338,10.753489847808995,4.386645676987882,18.76694707061234,0.0,-15.0,-15.0,/home/kwatchar3/data/timit/timit/train/dr1/fetb0/sx428.wav
339,11.454627812116701,4.38664567701987,18.76694707061234,0.0,0.0,0.0,/home/kwatchar3/data/timit/timit/train/dr1/fetb0/sx428.wav
340,10.753489847808995,4.386645676987882,18.766947070612336,0.0,15.0,15.0,/home/kwatchar3/data/timit/timit/train/dr1/fetb0/sx428.wav
341,9.1557011749892,4.386645676792908,18.766947070612332,0.0,30.0,30.0,/home/kwatchar3/data/timit/timit/train/dr1/fetb0/sx428.wav
342,7.374071845335241,4.386645678377303,18.76694707061234,0.0,45.0,45.0,/home/kwatchar3/data/timit/timit/train/dr1/fetb0/sx428.wav
343,7.471134798361588,4.630186972807262,11.473540672791781,0.0,-45.0,-45.0,/home/kwatchar3/data/timit/timit/train/dr1/fetb0/sx68.wav
344,9.336813510602973,4.630186972593774,11.473540672791783,0.0,-30.0,-30.0,/home/kwatchar3/data/timit/timit/train/dr1/fetb0/sx68.wav
345,11.048231702685387,4.630186972767988,11.473540672791785,0.0,-15.0,-15.0,/home/kwatchar3/data/timit/timit/train/dr1/fetb0/sx68.wav
346,11.815399132663861,4.630186972505298,11.47354067279179,0.0,0.0,0.0,/home/kwatchar3/data/timit/timit/train/dr1/fetb0/sx68.wav
347,11.048231702685385,4.630186972767988,11.473540672791787,0.0,15.0,15.0,/home/kwatchar3/data/timit/timit/train/dr1/fetb0/sx68.wav
348,9.33681351060297,4.6301869725937745,11.473540672791783,0.0,30.0,30.0,/home/kwatchar3/data/timit/timit/train/dr1/fetb0/sx68.wav
349,7.471134798361586,4.630186972807261,11.473540672791781,0.0,45.0,45.0,/home/kwatchar3/data/timit/timit/train/dr1/fetb0/sx68.wav
350,8.178199803587638,7.488766479191269,14.33222007213895,0.0,-45.0,-45.0,/home/kwatchar3/data/timit/timit/train/dr1/fjsp0/sa1.wav
351,10.928082235812802,7.488766479469755,14.33222007213895,0.0,-30.0,-30.0,/home/kwatchar3/data/timit/timit/train/dr1/fjsp0/sa1.wav
352,14.265520500337106,7.4887664792470945,14.332220072138952,0.0,-15.0,-15.0,/home/kwatchar3/data/timit/timit/train/dr1/fjsp0/sa1.wav
353,16.39589137685384,7.488766479590807,14.332220072138961,0.0,0.0,0.0,/home/kwatchar3/data/timit/timit/train/dr1/fjsp0/sa1.wav
354,14.2655205003371,7.488766479247095,14.332220072138952,0.0,15.0,15.0,/home/kwatchar3/data/timit/timit/train/dr1/fjsp0/sa1.wav
355,10.928082235812797,7.488766479469755,14.332220072138952,0.0,30.0,30.0,/home/kwatchar3/data/timit/timit/train/dr1/fjsp0/sa1.wav
356,8.178199803587637,7.488766479191269,14.33222007213895,0.0,45.0,45.0,/home/kwatchar3/data/timit/timit/train/dr1/fjsp0/sa1.wav
357,8.138527469705684,7.207219215562882,18.32182510520569,0.0,-45.0,-45.0,/home/kwatchar3/data/timit/timit/train/dr1/fjsp0/sa2.wav
358,10.814892255760146,7.207219215913824,18.32182510520569,0.0,-30.0,-30.0,/home/kwatchar3/data/timit/timit/train/dr1/fjsp0/sa2.wav
359,13.976232347152068,7.20721921591056,18.321825105205704,0.0,-15.0,-15.0,/home/kwatchar3/data/timit/timit/train/dr1/fjsp0/sa2.wav
360,15.907476739504249,7.207219215892396,18.32182510520571,0.0,0.0,0.0,/home/kwatchar3/data/timit/timit/train/dr1/fjsp0/sa2.wav
361,13.976232345878984,7.207219215426379,18.3218251052057,0.0,15.0,15.0,/home/kwatchar3/data/timit/timit/train/dr1/fjsp0/sa2.wav
362,10.814892269018877,7.2072192176487295,18.32182510520569,0.0,30.0,30.0,/home/kwatchar3/data/timit/timit/train/dr1/fjsp0/sa2.wav
363,8.138527470994978,7.207219215917551,18.321825105205694,0.0,45.0,45.0,/home/kwatchar3/data/timit/timit/train/dr1/fjsp0/sa2.wav
364,8.273953441621924,8.484792877123647,12.12767062062527,0.0,-45.0,-45.0,/home/kwatchar3/data/timit/timit/train/dr1/fjsp0/si1434.wav
365,11.238447573155891,8.484792878772561,12.127670620625265,0.0,-30.0,-30.0,/home/kwatchar3/data/timit/timit/train/dr1/fjsp0/si1434.wav
366,15.15523765948018,8.48479288371029,12.12767062062527,0.0,-15.0,-15.0,/home/kwatchar3/data/timit/timit/train/dr1/fjsp0/si1434.wav
367,18.08696865739315,8.484792878572108,12.12767062062528,0.0,0.0,0.0,/home/kwatchar3/data/timit/timit/train/dr1/fjsp0/si1434.wav
368,15.155237659480177,8.48479288371029,12.127670620625269,0.0,15.0,15.0,/home/kwatchar3/data/timit/timit/train/dr1/fjsp0/si1434.wav
369,11.23844757315591,8.484792878772563,12.127670620625269,0.0,30.0,30.0,/home/kwatchar3/data/timit/timit/train/dr1/fjsp0/si1434.wav
370,8.273953442062894,8.484792874511239,12.127670620625267,0.0,45.0,45.0,/home/kwatchar3/data/timit/timit/train/dr1/fjsp0/si1434.wav
371,8.19442690818078,7.632904262579943,11.283948380222162,0.0,-45.0,-45.0,/home/kwatchar3/data/timit/timit/train/dr1/fjsp0/si1763.wav
372,10.97634738118879,7.6329042627042725,11.283948380222162,0.0,-30.0,-30.0,/home/kwatchar3/data/timit/timit/train/dr1/fjsp0/si1763.wav
373,14.39379332258789,7.632904262603573,11.283948380222164,0.0,-15.0,-15.0,/home/kwatchar3/data/timit/timit/train/dr1/fjsp0/si1763.wav
374,16.620567787968547,7.632904262583432,11.283948380222165,0.0,0.0,0.0,/home/kwatchar3/data/timit/timit/train/dr1/fjsp0/si1763.wav
375,14.393793322587884,7.632904262603573,11.283948380222164,0.0,15.0,15.0,/home/kwatchar3/data/timit/timit/train/dr1/fjsp0/si1763.wav
376,10.976347381188788,7.632904262704271,11.283948380222164,0.0,30.0,30.0,/home/kwatchar3/data/timit/timit/train/dr1/fjsp0/si1763.wav
377,8.194426908180779,7.6329042625799435,11.283948380222162,0.0,45.0,45.0,/home/kwatchar3/data/timit/timit/train/dr1/fjsp0/si1763.wav
378,6.089480793234681,1.9168589659308466,18.74474478751789,0.0,-45.0,-45.0,/home/kwatchar3/data/timit/timit/train/dr1/fjsp0/si804.wav
379,7.101513173681058,1.9168589641931566,18.744744787517885,0.0,-30.0,-30.0,/home/kwatchar3/data/timit/timit/train/dr1/fjsp0/si804.wav
380,7.854941015177825,1.9168589658366764,18.7447447875179,0.0,-15.0,-15.0,/home/kwatchar3/data/timit/timit/train/dr1/fjsp0/si804.wav
381,8.139905449410307,1.916858969746162,18.74474478751791,0.0,0.0,0.0,/home/kwatchar3/data/timit/timit/train/dr1/fjsp0/si804.wav
382,7.854941015177824,1.9168589658366777,18.744744787517895,0.0,15.0,15.0,/home/kwatchar3/data/timit/timit/train/dr1/fjsp0/si804.wav
383,7.101513173593828,1.9168589650348427,18.74474478751789,0.0,30.0,30.0,/home/kwatchar3/data/timit/timit/train/dr1/fjsp0/si804.wav
384,6.0894807932346815,1.91685896593085,18.744744787517895,0.0,45.0,45.0,/home/kwatchar3/data/timit/timit/train/dr1/fjsp0/si804.wav
385,8.167388364649582,7.422804906566273,14.765264011274608,0.0,-45.0,-45.0,/home/kwatchar3/data/timit/timit/train/dr1/fjsp0/sx174.wav
386,10.896606743086672,7.4228049065267685,14.76526401127461,0.0,-30.0,-30.0,/home/kwatchar3/data/timit/timit/train/dr1/fjsp0/sx174.wav
387,14.183518113766079,7.422804906122411,14.765264011274615,0.0,-15.0,-15.0,/home/kwatchar3/data/timit/timit/train/dr1/fjsp0/sx174.wav
388,16.25497838670989,7.42280490627574,14.765264011274617,0.0,0.0,0.0,/home/kwatchar3/data/timit/timit/train/dr1/fjsp0/sx174.wav
389,14.183518113764064,7.422804906121076,14.765264011274613,0.0,15.0,15.0,/home/kwatchar3/data/timit/timit/train/dr1/fjsp0/sx174.wav
390,10.89660674308666,7.422804906526771,14.765264011274612,0.0,30.0,30.0,/home/kwatchar3/data/timit/timit/train/dr1/fjsp0/sx174.wav
391,8.167388364599052,7.42280490666386,14.765264011274608,0.0,45.0,45.0,/home/kwatchar3/data/timit/timit/train/dr1/fjsp0/sx174.wav
392,8.271816780883208,8.438101597035176,11.345708779335592,0.0,-45.0,-45.0,/home/kwatchar3/data/timit/timit/train/dr1/fjsp0/sx264.wav
393,11.23058785911413,8.438101597109563,11.34570877933559,0.0,-30.0,-30.0,/home/kwatchar3/data/timit/timit/train/dr1/fjsp0/sx264.wav
394,15.130482810557593,8.438101597351006,11.345708779335599,0.0,-15.0,-15.0,/home/kwatchar3/data/timit/timit/train/dr1/fjsp0/sx264.wav
395,18.0349386445703,8.43810159701013,11.345708779335599,0.0,0.0,0.0,/home/kwatchar3/data/timit/timit/train/dr1/fjsp0/sx264.wav
396,15.130482810557586,8.438101597351004,11.345708779335595,0.0,15.0,15.0,/home/kwatchar3/data/timit/timit/train/dr1/fjsp0/sx264.wav
397,11.230587859114136,8.438101597109561,11.34570877933559,0.0,30.0,30.0,/home/kwatchar3/data/timit/timit/train/dr1/fjsp0/sx264.wav
398,8.271816780883203,8.438101597035182,11.345708779335592,0.0,45.0,45.0,/home/kwatchar3/data/timit/timit/train/dr1/fjsp0/sx264.wav
399,7.624289709095685,5.112414330669729,18.401514411035595,0.0,-45.0,-45.0,/home/kwatchar3/data/timit/timit/train/dr1/fjsp0/sx354.wav
400,9.634764496804683,5.112414330697743,18.40151441103559,0.0,-30.0,-30.0,/home/kwatchar3/data/timit/timit/train/dr1/fjsp0/sx354.wav
401,11.554751643275008,5.112414335899254,18.4015144110356,0.0,-15.0,-15.0,/home/kwatchar3/data/timit/timit/train/dr1/fjsp0/sx354.wav
402,12.450553394651402,5.112414318134867,18.4015144110356,0.0,0.0,0.0,/home/kwatchar3/data/timit/timit/train/dr1/fjsp0/sx354.wav
403,11.554751632054106,5.112414330781628,18.401514411035595,0.0,15.0,15.0,/home/kwatchar3/data/timit/timit/train/dr1/fjsp0/sx354.wav
404,9.634764496804683,5.112414330697748,18.401514411035592,0.0,30.0,30.0,/home/kwatchar3/data/timit/timit/train/dr1/fjsp0/sx354.wav
405,7.6242897090956845,5.112414330669729,18.4015144110356,0.0,45.0,45.0,/home/kwatchar3/data/timit/timit/train/dr1/fjsp0/sx354.wav
406,8.342927317253235,10.662303687351375,4.4975083150828254,0.0,-45.0,-45.0,/home/kwatchar3/data/timit/timit/train/dr1/fjsp0/sx444.wav
407,11.610077013247558,10.662303688015529,4.4975083150828254,0.0,-30.0,-30.0,/home/kwatchar3/data/timit/timit/train/dr1/fjsp0/sx444.wav
408,16.570564362920052,10.6623036874138,4.497508315082827,0.0,-15.0,-15.0,/home/kwatchar3/data/timit/timit/train/dr1/fjsp0/sx444.wav
409,22.02656867862498,10.662303689240037,4.497508315082828,0.0,0.0,0.0,/home/kwatchar3/data/timit/timit/train/dr1/fjsp0/sx444.wav
410,16.57056436292004,10.662303687413798,4.497508315082826,0.0,15.0,15.0,/home/kwatchar3/data/timit/timit/train/dr1/fjsp0/sx444.wav
411,11.61007701375671,10.662303688815557,4.4975083150828254,0.0,30.0,30.0,/home/kwatchar3/data/timit/timit/train/dr1/fjsp0/sx444.wav
412,8.342927317253231,10.662303687351375,4.497508315082826,0.0,45.0,45.0,/home/kwatchar3/data/timit/timit/train/dr1/fjsp0/sx444.wav
413,7.930086671276966,6.125975302293237,12.658591342223477,0.0,-45.0,-45.0,/home/kwatchar3/data/timit/timit/train/dr1/fjsp0/sx84.wav
414,10.290212190048791,6.125975302051651,12.658591342223477,0.0,-30.0,-30.0,/home/kwatchar3/data/timit/timit/train/dr1/fjsp0/sx84.wav
415,12.794022278697508,6.125975301518933,12.65859134222348,0.0,-15.0,-15.0,/home/kwatchar3/data/timit/timit/train/dr1/fjsp0/sx84.wav
416,14.11015164088717,6.125975302382132,12.658591342223483,0.0,0.0,0.0,/home/kwatchar3/data/timit/timit/train/dr1/fjsp0/sx84.wav
417,12.794022281473577,6.125975302384788,12.65859134222348,0.0,15.0,15.0,/home/kwatchar3/data/timit/timit/train/dr1/fjsp0/sx84.wav
418,10.290212190048791,6.125975302051651,12.658591342223476,0.0,30.0,30.0,/home/kwatchar3/data/timit/timit/train/dr1/fjsp0/sx84.wav
419,7.930086671276964,6.125975302293235,12.658591342223476,0.0,45.0,45.0,/home/kwatchar3/data/timit/timit/train/dr1/fjsp0/sx84.wav
420,7.560067784686115,4.858226971203743,12.595495147454175,0.0,-45.0,-45.0,/home/kwatchar3/data/timit/timit/train/dr1/fkfb0/sa1.wav
421,9.507850804526848,4.858227013328694,12.595495147454175,0.0,-30.0,-30.0,/home/kwatchar3/data/timit/timit/train/dr1/fkfb0/sa1.wav
422,11.335445724666677,4.858226971203797,12.595495147454177,0.0,-15.0,-15.0,/home/kwatchar3/data/timit/timit/train/dr1/fkfb0/sa1.wav
423,12.173030344210844,4.858226973473937,12.595495147454182,0.0,0.0,0.0,/home/kwatchar3/data/timit/timit/train/dr1/fkfb0/sa1.wav
424,11.33544572466815,4.858226971203513,12.59549514745418,0.0,15.0,15.0,/home/kwatchar3/data/timit/timit/train/dr1/fkfb0/sa1.wav
425,9.507850821736286,4.8582270244318035,12.595495147454173,0.0,30.0,30.0,/home/kwatchar3/data/timit/timit/train/dr1/fkfb0/sa1.wav
426,7.5600677846861135,4.858226971203742,12.595495147454175,0.0,45.0,45.0,/home/kwatchar3/data/timit/timit/train/dr1/fkfb0/sa1.wav
427,6.587944383190234,2.7722799668672486,20.85589711459137,0.0,-45.0,-45.0,/home/kwatchar3/data/timit/timit/train/dr1/fkfb0/sa2.wav
428,7.840882673196862,2.772279967184385,20.855897114591368,0.0,-30.0,-30.0,/home/kwatchar3/data/timit/timit/train/dr1/fkfb0/sa2.wav
429,8.826141216401913,2.7722799668793776,20.855897114591382,0.0,-15.0,-15.0,/home/kwatchar3/data/timit/timit/train/dr1/fkfb0/sa2.wav
430,9.21370292267442,2.7722799664832913,20.85589711459138,0.0,0.0,0.0,/home/kwatchar3/data/timit/timit/train/dr1/fkfb0/sa2.wav
431,8.826141216401911,2.7722799668793785,20.855897114591382,0.0,15.0,15.0,/home/kwatchar3/data/timit/timit/train/dr1/fkfb0/sa2.wav
432,7.840882673196862,2.7722799671843834,20.855897114591368,0.0,30.0,30.0,/home/kwatchar3/data/timit/timit/train/dr1/fkfb0/sa2.wav
433,6.5879443830667626,2.772279966434761,20.85589711459137,0.0,45.0,45.0,/home/kwatchar3/data/timit/timit/train/dr1/fkfb0/sa2.wav
434,7.532012904351896,4.789417095524358,10.539082828150582,0.0,-45.0,-45.0,/home/kwatchar3/data/timit/timit/train/dr1/fkfb0/si1608.wav
435,9.4533307522797,4.789417050061541,10.539082828150583,0.0,-30.0,-30.0,/home/kwatchar3/data/timit/timit/train/dr1/fkfb0/si1608.wav
436,11.242896166399285,4.789417086109317,10.53908282815058,0.0,-15.0,-15.0,/home/kwatchar3/data/timit/timit/train/dr1/fkfb0/si1608.wav
437,12.057095901950143,4.78941705017552,10.539082828150587,0.0,0.0,0.0,/home/kwatchar3/data/timit/timit/train/dr1/fkfb0/si1608.wav
438,11.24289607508767,4.789417050493644,10.539082828150583,0.0,15.0,15.0,/home/kwatchar3/data/timit/timit/train/dr1/fkfb0/si1608.wav
439,9.453330752279701,4.789417050061543,10.539082828150585,0.0,30.0,30.0,/home/kwatchar3/data/timit/timit/train/dr1/fkfb0/si1608.wav
440,7.532012904351896,4.789417095524357,10.539082828150582,0.0,45.0,45.0,/home/kwatchar3/data/timit/timit/train/dr1/fkfb0/si1608.wav
441,7.765739294118374,5.486565797529183,14.293938321393927,0.0,-45.0,-45.0,/home/kwatchar3/data/timit/timit/train/dr1/fkfb0/si2238.wav
442,9.926047999688734,5.486565797528087,14.293938321393927,0.0,-30.0,-30.0,/home/kwatchar3/data/timit/timit/train/dr1/fkfb0/si2238.wav
443,12.080999133990307,5.486565797526801,14.293938321393927,0.0,-15.0,-15.0,/home/kwatchar3/data/timit/timit/train/dr1/fkfb0/si2238.wav
444,13.134417211370785,5.48656578627423,14.293938321393933,0.0,0.0,0.0,/home/kwatchar3/data/timit/timit/train/dr1/fkfb0/si2238.wav
445,12.080999133990307,5.486565797526801,14.293938321393927,0.0,15.0,15.0,/home/kwatchar3/data/timit/timit/train/dr1/fkfb0/si2238.wav
446,9.926047999688738,5.4865657975280975,14.293938321393927,0.0,30.0,30.0,/home/kwatchar3/data/timit/timit/train/dr1/fkfb0/si2238.wav
447,7.765739294118367,5.4865657975291695,14.293938321393927,0.0,45.0,45.0,/home/kwatchar3/data/timit/timit/train/dr1/fkfb0/si2238.wav
